rnpid,a1,a2,z,N
rs138257042,A,G,-0.337613762270182,916
rs138257532,T,C,-0.990216627019328,981
rs200923114,T,C,-1.91935796061643,938
rs200923174,G,C,0.732383293017603,933
rs200923853,A,G,0.431562648083092,960
rs200923865,C,T,-0.489023079351083,961
rs62224009,T,C,0.826353264742065,912
rs62224011,A,C,0.649296319349098,929
rs62224027,A,G,0.992543935445395,958
rs62224064,G,A,-1.06738731237174,963
rs62224104,A,T,0.0127187865043306,951
rs62224164,T,G,0.220307673098372,951
rs62224169,A,G,1.78994714619552,953
rs62224195,T,C,0.895867281685475,956
rs62224199,T,G,-1.06266653379598,987
rs62224222,T,C,0.0589168914349712,983
rs62224237,A,G,-0.397831438962765,911
rs62224246,A,G,1.23630116952594,971
rs62224253,G,C,-0.448924374976891,990
rs62224258,A,G,-1.4176668640053,928
rs62224270,G,C,-0.715392738119276,923
rs62224514,A,C,-0.50439816131708,901
rs62224618,T,C,1.4881143874862,913
rs62224670,A,G,-0.352617505179584,909
rs62224679,T,A,0.933904870423277,923
rs62224722,G,A,0.767258895081781,979
rs62224727,A,G,0.24395806314771,960
rs62224802,T,G,0.0799246465805415,991
rs62224968,C,T,-0.438404385978591,956
rs62224994,T,C,-0.530998604710902,976
rs79847024,T,C,1.09548047070344,938
rs79847029,A,G,-0.564429101299127,937
rs79847151,T,C,-0.170154550523627,917
rs79847255,A,G,-0.762291358922291,945
rs79847340,A,G,-0.386852992504399,926
rs79847349,G,A,-0.491635984607436,933
rs7984736,C,T,-0.198194273896837,989
rs79847426,C,T,0.0739813012456209,920
rs79847444,T,C,-1.88218303428141,958
rs79847529,T,C,-3.15578648869311,920
rs7984771,A,G,-0.522402322127395,928
rs79847800,A,C,-1.1048085195176,979
rs79847867,A,C,-1.56193542030415,917
rs79847872,A,G,-2.15963105033257,957
rs7984789,T,C,1.41587199019078,942
rs79847896,T,C,0.907135647718687,927
rs798479,A,C,1.74027287376487,904
rs79847970,A,G,0.307381491966501,910
rs79847971,T,C,-0.318322111210947,931
