Chr,Pos,a1,a2,z
17,62517603,T,C,-1.91935796061643
19,16268326,A,G,0.431562648083092
19,12786921,C,T,-0.489023079351083
21,27251203,T,C,0.826353264742065
21,30334479,A,C,0.649296319349098
22,27782110,A,G,0.992543935445395
21,18370535,G,A,-1.06738731237174
21,42057798,T,G,0.220307673098372
22,26374441,A,G,1.78994714619552
22,26467325,T,C,0.895867281685475
22,26501161,T,G,-1.06266653379598
21,47817247,T,C,0.0589168914349712
22,48284296,A,G,-0.397831438962765
22,26610335,A,G,1.23630116952594
21,47872133,G,C,-0.448924374976891
21,47888356,A,G,-1.4176668640053
21,38965256,G,C,-0.715392738119276
20,42163408,A,C,-0.50439816131708
22,16057417,T,C,1.4881143874862
20,42354173,A,G,-0.352617505179584
20,42421149,T,A,0.933904870423277
20,42469496,G,A,0.767258895081781
20,54697933,A,G,0.24395806314771
20,42197722,T,G,0.0799246465805415
22,22706766,C,T,-0.438404385978591
22,49087185,T,C,-0.530998604710902
1,237444946,T,C,1.09548047070344
7,67803540,A,G,-0.564429101299127
7,33802894,T,C,-0.170154550523627
13,67152523,A,G,-0.762291358922291
6,4298180,A,G,-0.386852992504399
19,10920115,G,A,-0.491635984607436
13,83953264,C,T,-0.198194273896837
6,51314743,C,T,0.0739813012456209
1,47237476,T,C,-1.88218303428141
5,124930199,T,C,-3.15578648869311
13,85873730,A,G,-0.522402322127395
5,167395021,A,C,-1.1048085195176
6,47305117,A,G,-2.15963105033257
13,111076407,T,C,1.41587199019078
12,128017690,T,C,0.907135647718687
7,2691201,A,C,1.74027287376487
2,70667237,A,G,0.307381491966501
13,110804305,T,C,-0.318322111210947
