Chr,Pos,a1,a2,z,SNP
17,62517603,T,C,-1.91935796061643,NA
19,16268326,A,G,0.431562648083092,NA
19,12786921,C,T,-0.489023079351083,NA
21,27251203,T,C,0.826353264742065,NA
21,30334479,A,C,0.649296319349098,NA
22,27782110,A,G,0.992543935445395,NA
21,18370535,G,A,-1.06738731237174,NA
21,42057798,T,G,0.220307673098372,NA
22,26374441,A,G,1.78994714619552,NA
22,26467325,T,C,0.895867281685475,NA
22,26501161,T,G,-1.06266653379598,NA
21,47817247,T,C,0.0589168914349712,NA
22,48284296,A,G,-0.397831438962765,NA
22,26610335,A,G,1.23630116952594,NA
21,47872133,G,C,-0.448924374976891,NA
21,47888356,A,G,-1.4176668640053,NA
21,38965256,G,C,-0.715392738119276,NA
20,42163408,A,C,-0.50439816131708,NA
22,16057417,T,C,1.4881143874862,NA
20,42354173,A,G,-0.352617505179584,NA
20,42421149,T,A,0.933904870423277,NA
20,42469496,G,A,0.767258895081781,NA
20,54697933,A,G,0.24395806314771,NA
20,42197722,T,G,0.0799246465805415,NA
22,22706766,C,T,-0.438404385978591,NA
22,49087185,T,C,-0.530998604710902,NA
1,237444946,T,C,1.09548047070344,NA
7,67803540,A,G,-0.564429101299127,NA
7,33802894,T,C,-0.170154550523627,NA
13,67152523,A,G,-0.762291358922291,NA
6,4298180,A,G,-0.386852992504399,NA
19,10920115,G,A,-0.491635984607436,NA
13,83953264,C,T,-0.198194273896837,NA
6,51314743,C,T,0.0739813012456209,NA
1,47237476,T,C,-1.88218303428141,NA
5,124930199,T,C,-3.15578648869311,NA
13,85873730,A,G,-0.522402322127395,NA
5,167395021,A,C,-1.1048085195176,NA
6,47305117,A,G,-2.15963105033257,NA
13,111076407,T,C,1.41587199019078,NA
12,128017690,T,C,0.907135647718687,NA
7,2691201,A,C,1.74027287376487,NA
2,70667237,A,G,0.307381491966501,NA
13,110804305,T,C,-0.318322111210947,NA
