rnpid,f,a1,a2,p,log10p,eff,effse,N,log10fdrBH,fdrBH,z.from.peff,p.from.effeffse,effse.my.peff,effvar..f,effvar.my.peff..f
rs138257042,NA,A,G,0.96732433033,-0.0144278886297,0.040964332741,NA,1,-1.82439830025416e-05,0.999957992559039,0.0409643327410237,NA,0.999999999999422,NA,NA
rs200923174,NA,G,C,0.454642856166,-0.342329628621,0.747697140795,NA,1,-0.000227778620710772,0.999475657858861,0.747697140794528,NA,1.00000000000063,NA,NA
rs62224618,NA,T,C,0.850498528003,-0.0703264337044,-0.18848237834,NA,1,-1.82439830025416e-05,0.999957992559039,-0.188482378339976,NA,1.00000000000013,NA,NA
rs79847867,NA,A,C,0.832323533226,-0.0797078258936,-0.211722500416,NA,1,-1.82439830025416e-05,0.999957992559039,-0.211722500416045,NA,0.999999999999785,NA,NA
